,origin_file,coches,personas,sem√°foros,city,year,label
0,berlin_000000_000019_leftImg8bit_20-10-2018.txt,8,0,0,berlin,2018,0
1,berlin_000001_000019_leftImg8bit_15-01-2018.txt,10,0,1,berlin,2018,0
2,berlin_000002_000019_leftImg8bit_30-11-2019.txt,5,1,1,berlin,2019,0
3,berlin_000003_000019_leftImg8bit_06-02-2018.txt,4,2,0,berlin,2018,0
4,berlin_000004_000019_leftImg8bit_27-12-2019.txt,8,1,0,berlin,2019,0
5,berlin_000005_000019_leftImg8bit_14-02-2017.txt,13,0,0,berlin,2017,0
6,berlin_000006_000019_leftImg8bit_06-10-2015.txt,12,0,1,berlin,2015,0
7,berlin_000007_000019_leftImg8bit_27-11-2019.txt,15,0,0,berlin,2019,0
8,berlin_000008_000019_leftImg8bit_12-02-2016.txt,11,0,0,berlin,2016,0
9,berlin_000009_000019_leftImg8bit_12-04-2017.txt,11,1,0,berlin,2017,0
10,berlin_000010_000019_leftImg8bit_17-09-2018.txt,13,1,1,berlin,2018,0
11,berlin_000011_000019_leftImg8bit_15-01-2019.txt,6,1,1,berlin,2019,0
12,berlin_000012_000019_leftImg8bit_03-01-2018.txt,9,0,0,berlin,2018,0
13,berlin_000013_000019_leftImg8bit_08-07-2019.txt,13,0,0,berlin,2019,0
14,berlin_000014_000019_leftImg8bit_18-05-2019.txt,15,0,0,berlin,2019,0
15,berlin_000015_000019_leftImg8bit_22-02-2019.txt,15,0,0,berlin,2019,0
16,berlin_000016_000019_leftImg8bit_08-08-2016.txt,14,2,1,berlin,2016,0
17,berlin_000017_000019_leftImg8bit_04-07-2019.txt,11,2,0,berlin,2019,0
18,berlin_000018_000019_leftImg8bit_30-07-2019.txt,20,0,0,berlin,2019,0
19,berlin_000019_000019_leftImg8bit_07-05-2015.txt,11,0,0,berlin,2015,0
20,berlin_000020_000019_leftImg8bit_12-07-2017.txt,5,4,0,berlin,2017,0
21,berlin_000021_000019_leftImg8bit_06-11-2016.txt,1,7,0,berlin,2016,0
22,berlin_000022_000019_leftImg8bit_30-01-2019.txt,8,0,1,berlin,2019,0
23,berlin_000023_000019_leftImg8bit_14-06-2017.txt,13,1,0,berlin,2017,0
24,berlin_000024_000019_leftImg8bit_21-04-2019.txt,6,3,0,berlin,2019,0
25,berlin_000025_000019_leftImg8bit_30-12-2019.txt,6,2,2,berlin,2019,0
26,berlin_000026_000019_leftImg8bit_19-02-2019.txt,12,0,0,berlin,2019,0
27,berlin_000027_000019_leftImg8bit_24-12-2017.txt,17,0,1,berlin,2017,0
28,berlin_000028_000019_leftImg8bit_25-06-2016.txt,11,0,0,berlin,2016,0
29,berlin_000029_000019_leftImg8bit_20-12-2019.txt,3,13,0,berlin,2019,0
30,berlin_000030_000019_leftImg8bit_05-06-2016.txt,11,0,0,berlin,2016,0
31,berlin_000031_000019_leftImg8bit_07-11-2015.txt,4,4,3,berlin,2015,0
32,berlin_000032_000019_leftImg8bit_04-08-2017.txt,6,3,1,berlin,2017,0
33,berlin_000033_000019_leftImg8bit_06-06-2017.txt,5,4,2,berlin,2017,0
34,berlin_000034_000019_leftImg8bit_26-09-2017.txt,9,4,0,berlin,2017,0
35,berlin_000035_000019_leftImg8bit_26-11-2016.txt,5,3,1,berlin,2016,0
36,berlin_000036_000019_leftImg8bit_08-01-2015.txt,6,3,0,berlin,2015,0
37,berlin_000037_000019_leftImg8bit_02-11-2016.txt,1,11,2,berlin,2016,0
38,berlin_000038_000019_leftImg8bit_18-07-2016.txt,1,9,2,berlin,2016,0
39,berlin_000039_000019_leftImg8bit_21-08-2015.txt,15,0,1,berlin,2015,0
40,berlin_000040_000019_leftImg8bit_11-01-2017.txt,4,7,0,berlin,2017,0
41,berlin_000041_000019_leftImg8bit_31-03-2019.txt,11,1,0,berlin,2019,0
42,berlin_000042_000019_leftImg8bit_22-04-2019.txt,8,2,0,berlin,2019,0
43,berlin_000043_000019_leftImg8bit_29-08-2016.txt,1,6,0,berlin,2016,0
44,berlin_000044_000019_leftImg8bit_04-12-2015.txt,5,1,0,berlin,2015,0
45,berlin_000045_000019_leftImg8bit_01-10-2017.txt,7,0,2,berlin,2017,0
46,berlin_000046_000019_leftImg8bit_29-11-2019.txt,6,0,0,berlin,2019,0
47,berlin_000047_000019_leftImg8bit_19-02-2017.txt,19,0,0,berlin,2017,0
48,berlin_000048_000019_leftImg8bit_20-11-2019.txt,12,0,0,berlin,2019,0
49,berlin_000049_000019_leftImg8bit_27-12-2016.txt,15,0,0,berlin,2016,0
50,berlin_000050_000019_leftImg8bit_17-07-2019.txt,12,1,0,berlin,2019,0
51,berlin_000051_000019_leftImg8bit_07-08-2018.txt,12,0,0,berlin,2018,0
52,berlin_000052_000019_leftImg8bit_22-11-2015.txt,4,7,0,berlin,2015,0
53,berlin_000053_000019_leftImg8bit_09-11-2016.txt,7,1,0,berlin,2016,0
54,berlin_000054_000019_leftImg8bit_10-11-2015.txt,20,0,0,berlin,2015,0
55,berlin_000055_000019_leftImg8bit_25-11-2017.txt,1,1,0,berlin,2017,0
56,berlin_000056_000019_leftImg8bit_09-03-2018.txt,6,0,0,berlin,2018,0
57,berlin_000057_000019_leftImg8bit_29-06-2018.txt,0,16,0,berlin,2018,0
58,berlin_000058_000019_leftImg8bit_29-12-2017.txt,0,11,0,berlin,2017,0
59,berlin_000059_000019_leftImg8bit_26-03-2016.txt,1,4,1,berlin,2016,0
60,berlin_000060_000019_leftImg8bit_10-08-2017.txt,2,4,1,berlin,2017,0
61,berlin_000061_000019_leftImg8bit_26-12-2018.txt,0,10,2,berlin,2018,0
62,berlin_000062_000019_leftImg8bit_01-07-2015.txt,0,7,0,berlin,2015,0
63,berlin_000063_000019_leftImg8bit_17-09-2018.txt,3,2,2,berlin,2018,0
64,berlin_000064_000019_leftImg8bit_14-02-2018.txt,0,4,0,berlin,2018,0
65,berlin_000065_000019_leftImg8bit_06-06-2019.txt,2,5,0,berlin,2019,0
66,berlin_000066_000019_leftImg8bit_23-08-2015.txt,5,0,0,berlin,2015,0
67,berlin_000067_000019_leftImg8bit_05-07-2017.txt,0,1,0,berlin,2017,0
68,berlin_000068_000019_leftImg8bit_07-08-2015.txt,1,1,0,berlin,2015,0
69,berlin_000069_000019_leftImg8bit_19-05-2016.txt,1,1,0,berlin,2016,0
70,berlin_000070_000019_leftImg8bit_04-12-2019.txt,5,1,0,berlin,2019,0
71,berlin_000071_000019_leftImg8bit_01-11-2015.txt,9,1,0,berlin,2015,0
72,berlin_000072_000019_leftImg8bit_29-05-2019.txt,10,2,0,berlin,2019,0
73,berlin_000073_000019_leftImg8bit_25-10-2019.txt,8,3,2,berlin,2019,0
74,berlin_000074_000019_leftImg8bit_11-03-2016.txt,3,0,0,berlin,2016,0
75,berlin_000075_000019_leftImg8bit_24-04-2015.txt,14,2,0,berlin,2015,0
76,berlin_000076_000019_leftImg8bit_07-05-2015.txt,8,2,0,berlin,2015,0
77,berlin_000077_000019_leftImg8bit_17-03-2018.txt,4,0,2,berlin,2018,0
78,berlin_000078_000019_leftImg8bit_10-03-2015.txt,2,3,1,berlin,2015,0
79,berlin_000079_000019_leftImg8bit_25-12-2019.txt,4,2,0,berlin,2019,0
80,berlin_000080_000019_leftImg8bit_12-03-2019.txt,6,3,1,berlin,2019,0
81,berlin_000081_000019_leftImg8bit_16-08-2018.txt,3,4,2,berlin,2018,0
82,berlin_000082_000019_leftImg8bit_08-07-2019.txt,11,1,0,berlin,2019,0
83,berlin_000083_000019_leftImg8bit_26-01-2018.txt,7,0,3,berlin,2018,0
84,berlin_000084_000019_leftImg8bit_19-01-2016.txt,3,9,0,berlin,2016,0
85,berlin_000085_000019_leftImg8bit_25-10-2015.txt,4,7,5,berlin,2015,0
86,berlin_000086_000019_leftImg8bit_18-05-2019.txt,5,2,2,berlin,2019,0
87,berlin_000087_000019_leftImg8bit_26-10-2017.txt,5,0,1,berlin,2017,0
88,berlin_000088_000019_leftImg8bit_15-10-2016.txt,10,0,1,berlin,2016,0
89,berlin_000089_000019_leftImg8bit_24-04-2016.txt,2,7,0,berlin,2016,0
90,berlin_000090_000019_leftImg8bit_31-07-2017.txt,10,6,0,berlin,2017,0
91,berlin_000091_000019_leftImg8bit_26-12-2017.txt,9,2,0,berlin,2017,0
92,berlin_000092_000019_leftImg8bit_21-11-2018.txt,4,5,0,berlin,2018,0
93,berlin_000093_000019_leftImg8bit_09-04-2017.txt,11,0,2,berlin,2017,0
94,berlin_000094_000019_leftImg8bit_30-03-2016.txt,2,10,4,berlin,2016,0
95,berlin_000095_000019_leftImg8bit_15-01-2015.txt,10,2,0,berlin,2015,0
96,berlin_000096_000019_leftImg8bit_08-10-2018.txt,5,0,0,berlin,2018,0
97,berlin_000097_000019_leftImg8bit_05-08-2017.txt,10,0,0,berlin,2017,0
98,berlin_000098_000019_leftImg8bit_08-07-2019.txt,3,5,0,berlin,2019,0
99,berlin_000099_000019_leftImg8bit_29-10-2016.txt,7,0,0,berlin,2016,0
100,berlin_000100_000019_leftImg8bit_06-09-2017.txt,3,6,2,berlin,2017,0
101,berlin_000101_000019_leftImg8bit_01-01-2015.txt,11,1,0,berlin,2015,0
102,berlin_000102_000019_leftImg8bit_27-05-2017.txt,10,1,0,berlin,2017,0
103,berlin_000103_000019_leftImg8bit_28-02-2015.txt,5,6,1,berlin,2015,0
104,berlin_000104_000019_leftImg8bit_04-06-2017.txt,2,0,0,berlin,2017,0
105,berlin_000105_000019_leftImg8bit_05-11-2017.txt,9,1,0,berlin,2017,0
106,berlin_000106_000019_leftImg8bit_09-10-2016.txt,0,5,0,berlin,2016,0
107,berlin_000107_000019_leftImg8bit_07-09-2019.txt,4,3,1,berlin,2019,0
108,berlin_000108_000019_leftImg8bit_22-05-2017.txt,5,4,0,berlin,2017,0
109,berlin_000109_000019_leftImg8bit_09-07-2015.txt,14,1,0,berlin,2015,0
110,berlin_000110_000019_leftImg8bit_16-11-2016.txt,4,6,0,berlin,2016,0
111,berlin_000111_000019_leftImg8bit_12-10-2018.txt,2,6,2,berlin,2018,0
112,berlin_000112_000019_leftImg8bit_12-10-2019.txt,4,3,0,berlin,2019,0
113,berlin_000113_000019_leftImg8bit_17-06-2015.txt,16,1,1,berlin,2015,0
114,berlin_000114_000019_leftImg8bit_05-02-2019.txt,8,6,0,berlin,2019,0
115,berlin_000115_000019_leftImg8bit_28-04-2019.txt,11,0,0,berlin,2019,0
116,berlin_000116_000019_leftImg8bit_18-08-2016.txt,4,13,0,berlin,2016,0
117,berlin_000117_000019_leftImg8bit_26-03-2019.txt,7,8,2,berlin,2019,0
118,berlin_000118_000019_leftImg8bit_31-12-2015.txt,1,13,0,berlin,2015,0
119,berlin_000119_000019_leftImg8bit_14-10-2018.txt,2,4,0,berlin,2018,0
120,berlin_000120_000019_leftImg8bit_01-11-2019.txt,3,0,0,berlin,2019,0
121,berlin_000121_000019_leftImg8bit_10-09-2017.txt,1,6,0,berlin,2017,0
122,berlin_000122_000019_leftImg8bit_12-11-2016.txt,7,6,0,berlin,2016,0
123,berlin_000123_000019_leftImg8bit_01-07-2015.txt,7,2,2,berlin,2015,0
124,berlin_000124_000019_leftImg8bit_24-06-2019.txt,11,0,0,berlin,2019,0
125,berlin_000125_000019_leftImg8bit_07-08-2019.txt,11,0,0,berlin,2019,0
126,berlin_000126_000019_leftImg8bit_01-01-2017.txt,11,0,0,berlin,2017,0
127,berlin_000127_000019_leftImg8bit_22-01-2019.txt,7,4,2,berlin,2019,0
128,berlin_000128_000019_leftImg8bit_28-09-2015.txt,10,1,0,berlin,2015,0
129,berlin_000129_000019_leftImg8bit_28-10-2016.txt,10,0,0,berlin,2016,0
130,berlin_000130_000019_leftImg8bit_06-02-2019.txt,4,3,2,berlin,2019,0
131,berlin_000131_000019_leftImg8bit_23-12-2017.txt,3,0,0,berlin,2017,0
132,berlin_000132_000019_leftImg8bit_05-12-2015.txt,10,0,0,berlin,2015,0
133,berlin_000133_000019_leftImg8bit_13-09-2019.txt,11,1,0,berlin,2019,0
134,berlin_000134_000019_leftImg8bit_11-06-2018.txt,14,3,0,berlin,2018,0
135,berlin_000135_000019_leftImg8bit_14-06-2015.txt,0,3,0,berlin,2015,0
136,berlin_000136_000019_leftImg8bit_15-02-2015.txt,6,3,0,berlin,2015,0
137,berlin_000137_000019_leftImg8bit_29-06-2017.txt,10,6,0,berlin,2017,0
138,berlin_000138_000019_leftImg8bit_05-04-2019.txt,2,1,0,berlin,2019,0
139,berlin_000139_000019_leftImg8bit_03-12-2018.txt,12,0,0,berlin,2018,0
140,berlin_000140_000019_leftImg8bit_27-09-2015.txt,11,2,0,berlin,2015,0
141,berlin_000141_000019_leftImg8bit_18-04-2018.txt,16,0,0,berlin,2018,0
142,berlin_000142_000019_leftImg8bit_12-06-2017.txt,8,1,2,berlin,2017,0
143,berlin_000143_000019_leftImg8bit_14-10-2019.txt,6,5,0,berlin,2019,0
144,berlin_000144_000019_leftImg8bit_09-01-2018.txt,14,1,0,berlin,2018,0
145,berlin_000145_000019_leftImg8bit_11-03-2019.txt,0,1,1,berlin,2019,0
146,berlin_000146_000019_leftImg8bit_30-12-2016.txt,8,1,0,berlin,2016,0
147,berlin_000147_000019_leftImg8bit_31-05-2015.txt,6,3,2,berlin,2015,0
148,berlin_000148_000019_leftImg8bit_26-05-2015.txt,12,1,0,berlin,2015,0
149,berlin_000149_000019_leftImg8bit_09-11-2019.txt,14,1,0,berlin,2019,0
150,berlin_000150_000019_leftImg8bit_17-04-2017.txt,13,2,0,berlin,2017,0
151,berlin_000151_000019_leftImg8bit_30-08-2016.txt,11,2,0,berlin,2016,0
152,berlin_000152_000019_leftImg8bit_20-07-2018.txt,11,1,0,berlin,2018,0
153,berlin_000153_000019_leftImg8bit_10-02-2018.txt,10,1,2,berlin,2018,0
154,berlin_000154_000019_leftImg8bit_19-08-2018.txt,5,0,0,berlin,2018,0
155,berlin_000155_000019_leftImg8bit_26-04-2015.txt,6,4,0,berlin,2015,0
156,berlin_000156_000019_leftImg8bit_26-09-2016.txt,3,3,0,berlin,2016,0
157,berlin_000157_000019_leftImg8bit_10-08-2019.txt,13,1,0,berlin,2019,0
158,berlin_000158_000019_leftImg8bit_03-08-2017.txt,12,0,0,berlin,2017,0
159,berlin_000159_000019_leftImg8bit_24-07-2017.txt,6,2,0,berlin,2017,0
160,berlin_000160_000019_leftImg8bit_04-10-2015.txt,9,0,0,berlin,2015,0
161,berlin_000161_000019_leftImg8bit_16-07-2017.txt,2,0,4,berlin,2017,0
162,berlin_000162_000019_leftImg8bit_12-07-2016.txt,3,1,3,berlin,2016,0
163,berlin_000163_000019_leftImg8bit_07-06-2017.txt,13,2,0,berlin,2017,0
164,berlin_000164_000019_leftImg8bit_05-06-2019.txt,12,0,0,berlin,2019,0
165,berlin_000165_000019_leftImg8bit_28-09-2015.txt,16,0,0,berlin,2015,0
166,berlin_000166_000019_leftImg8bit_13-12-2015.txt,11,0,0,berlin,2015,0
167,berlin_000167_000019_leftImg8bit_28-06-2015.txt,7,0,0,berlin,2015,0
168,berlin_000168_000019_leftImg8bit_30-10-2018.txt,8,0,0,berlin,2018,0
169,berlin_000169_000019_leftImg8bit_26-03-2017.txt,12,1,0,berlin,2017,0
170,berlin_000170_000019_leftImg8bit_24-01-2015.txt,14,0,0,berlin,2015,0
171,berlin_000171_000019_leftImg8bit_07-07-2015.txt,13,0,0,berlin,2015,0
172,berlin_000172_000019_leftImg8bit_17-08-2015.txt,8,0,0,berlin,2015,0
173,berlin_000173_000019_leftImg8bit_17-01-2016.txt,4,1,1,berlin,2016,0
174,berlin_000174_000019_leftImg8bit_06-03-2019.txt,12,0,0,berlin,2019,0
175,berlin_000175_000019_leftImg8bit_21-12-2016.txt,10,1,0,berlin,2016,0
176,berlin_000176_000019_leftImg8bit_20-06-2015.txt,7,5,0,berlin,2015,0
177,berlin_000177_000019_leftImg8bit_17-07-2018.txt,10,0,0,berlin,2018,0
178,berlin_000178_000019_leftImg8bit_29-03-2018.txt,10,0,0,berlin,2018,0
179,berlin_000179_000019_leftImg8bit_07-06-2018.txt,9,1,3,berlin,2018,0
180,berlin_000180_000019_leftImg8bit_09-10-2018.txt,10,2,2,berlin,2018,0
181,berlin_000181_000019_leftImg8bit_01-01-2015.txt,4,13,1,berlin,2015,0
182,berlin_000182_000019_leftImg8bit_31-12-2017.txt,18,0,0,berlin,2017,0
183,berlin_000183_000019_leftImg8bit_13-05-2015.txt,8,2,0,berlin,2015,0
184,berlin_000184_000019_leftImg8bit_10-09-2016.txt,8,7,0,berlin,2016,0
185,berlin_000185_000019_leftImg8bit_18-12-2015.txt,5,2,1,berlin,2015,0
186,berlin_000186_000019_leftImg8bit_08-06-2017.txt,16,0,0,berlin,2017,0
187,berlin_000187_000019_leftImg8bit_28-06-2015.txt,5,0,2,berlin,2015,0
188,berlin_000188_000019_leftImg8bit_24-07-2017.txt,7,0,0,berlin,2017,0
189,berlin_000189_000019_leftImg8bit_28-08-2015.txt,14,0,0,berlin,2015,0
190,berlin_000190_000019_leftImg8bit_23-10-2015.txt,11,0,0,berlin,2015,0
191,berlin_000191_000019_leftImg8bit_17-11-2017.txt,4,6,0,berlin,2017,0
192,berlin_000192_000019_leftImg8bit_28-12-2017.txt,3,5,0,berlin,2017,0
193,berlin_000193_000019_leftImg8bit_10-11-2019.txt,3,5,0,berlin,2019,0
194,berlin_000194_000019_leftImg8bit_28-01-2019.txt,7,0,0,berlin,2019,0
195,berlin_000195_000019_leftImg8bit_18-03-2015.txt,7,0,0,berlin,2015,0
196,berlin_000196_000019_leftImg8bit_16-04-2019.txt,7,7,0,berlin,2019,0
197,berlin_000197_000019_leftImg8bit_24-08-2018.txt,3,4,1,berlin,2018,0
198,berlin_000198_000019_leftImg8bit_26-09-2019.txt,8,1,0,berlin,2019,0
199,berlin_000199_000019_leftImg8bit_08-11-2019.txt,5,1,0,berlin,2019,0
200,berlin_000200_000019_leftImg8bit_16-06-2019.txt,6,5,0,berlin,2019,0
201,berlin_000201_000019_leftImg8bit_05-07-2016.txt,9,2,0,berlin,2016,0
202,berlin_000202_000019_leftImg8bit_03-08-2018.txt,9,2,0,berlin,2018,0
203,berlin_000203_000019_leftImg8bit_18-04-2019.txt,2,1,1,berlin,2019,0
204,berlin_000204_000019_leftImg8bit_21-06-2019.txt,8,0,1,berlin,2019,0
205,berlin_000206_000019_leftImg8bit_21-06-2019.txt,6,3,0,berlin,2019,0
206,berlin_000207_000019_leftImg8bit_03-09-2015.txt,6,0,1,berlin,2015,0
207,berlin_000208_000019_leftImg8bit_11-05-2016.txt,9,0,4,berlin,2016,0
208,berlin_000209_000019_leftImg8bit_17-10-2015.txt,9,0,0,berlin,2015,0
209,berlin_000210_000019_leftImg8bit_27-02-2016.txt,8,4,1,berlin,2016,0
210,berlin_000211_000019_leftImg8bit_28-02-2019.txt,11,0,0,berlin,2019,0
211,berlin_000212_000019_leftImg8bit_15-09-2016.txt,11,1,0,berlin,2016,0
212,berlin_000213_000019_leftImg8bit_29-02-2016.txt,6,2,0,berlin,2016,0
213,berlin_000214_000019_leftImg8bit_09-06-2019.txt,1,4,2,berlin,2019,0
214,berlin_000215_000019_leftImg8bit_05-03-2016.txt,8,4,0,berlin,2016,0
215,berlin_000216_000019_leftImg8bit_14-12-2015.txt,9,1,0,berlin,2015,0
216,berlin_000217_000019_leftImg8bit_08-11-2016.txt,8,0,0,berlin,2016,0
217,berlin_000218_000019_leftImg8bit_28-10-2018.txt,11,2,0,berlin,2018,0
218,berlin_000219_000019_leftImg8bit_22-05-2017.txt,1,0,0,berlin,2017,0
219,berlin_000220_000019_leftImg8bit_07-05-2016.txt,6,1,0,berlin,2016,0
220,berlin_000221_000019_leftImg8bit_12-08-2017.txt,6,2,0,berlin,2017,0
221,berlin_000222_000019_leftImg8bit_07-11-2016.txt,8,8,1,berlin,2016,0
222,berlin_000223_000019_leftImg8bit_29-10-2019.txt,13,1,2,berlin,2019,0
223,berlin_000224_000019_leftImg8bit_14-02-2016.txt,11,1,0,berlin,2016,0
224,berlin_000225_000019_leftImg8bit_03-04-2019.txt,12,1,1,berlin,2019,0
225,berlin_000226_000019_leftImg8bit_17-06-2017.txt,6,8,3,berlin,2017,0
226,berlin_000227_000019_leftImg8bit_13-02-2015.txt,3,3,3,berlin,2015,0
227,berlin_000228_000019_leftImg8bit_28-06-2017.txt,7,0,0,berlin,2017,0
228,berlin_000229_000019_leftImg8bit_01-10-2019.txt,9,0,0,berlin,2019,0
229,berlin_000230_000019_leftImg8bit_28-09-2016.txt,7,1,0,berlin,2016,0
230,berlin_000231_000019_leftImg8bit_26-04-2016.txt,4,2,0,berlin,2016,0
231,berlin_000232_000019_leftImg8bit_24-10-2019.txt,12,0,0,berlin,2019,0
232,berlin_000233_000019_leftImg8bit_16-02-2017.txt,13,0,0,berlin,2017,0
233,berlin_000234_000019_leftImg8bit_04-02-2017.txt,13,0,0,berlin,2017,0
234,berlin_000235_000019_leftImg8bit_08-02-2016.txt,7,5,0,berlin,2016,0
235,berlin_000236_000019_leftImg8bit_27-04-2017.txt,6,2,0,berlin,2017,0
236,berlin_000237_000019_leftImg8bit_07-10-2015.txt,3,3,0,berlin,2015,0
237,berlin_000238_000019_leftImg8bit_21-06-2019.txt,4,4,2,berlin,2019,0
238,berlin_000239_000019_leftImg8bit_14-04-2019.txt,8,0,0,berlin,2019,0
239,berlin_000240_000019_leftImg8bit_27-01-2018.txt,4,2,0,berlin,2018,0
240,berlin_000241_000019_leftImg8bit_22-10-2017.txt,16,1,0,berlin,2017,0
241,berlin_000242_000019_leftImg8bit_25-07-2018.txt,8,3,0,berlin,2018,0
242,berlin_000243_000019_leftImg8bit_21-06-2017.txt,8,1,0,berlin,2017,0
243,berlin_000244_000019_leftImg8bit_05-12-2017.txt,18,1,0,berlin,2017,0
244,berlin_000245_000019_leftImg8bit_31-05-2017.txt,17,1,0,berlin,2017,0
245,berlin_000246_000019_leftImg8bit_21-01-2019.txt,5,3,0,berlin,2019,0
246,berlin_000247_000019_leftImg8bit_23-09-2015.txt,8,2,1,berlin,2015,0
247,berlin_000248_000019_leftImg8bit_14-09-2019.txt,14,0,1,berlin,2019,0
248,berlin_000249_000019_leftImg8bit_29-06-2017.txt,7,5,1,berlin,2017,0
249,berlin_000250_000019_leftImg8bit_12-04-2019.txt,12,1,0,berlin,2019,0
250,berlin_000251_000019_leftImg8bit_19-01-2017.txt,11,0,0,berlin,2017,0
251,berlin_000252_000019_leftImg8bit_26-05-2017.txt,4,0,1,berlin,2017,0
252,berlin_000253_000019_leftImg8bit_25-12-2016.txt,17,0,0,berlin,2016,0
253,berlin_000254_000019_leftImg8bit_23-09-2016.txt,8,2,1,berlin,2016,0
254,berlin_000255_000019_leftImg8bit_11-06-2015.txt,0,6,1,berlin,2015,0
255,berlin_000256_000019_leftImg8bit_13-04-2017.txt,4,7,0,berlin,2017,0
256,berlin_000257_000019_leftImg8bit_24-01-2015.txt,16,0,0,berlin,2015,0
257,berlin_000258_000019_leftImg8bit_24-07-2019.txt,14,1,1,berlin,2019,0
258,berlin_000259_000019_leftImg8bit_29-08-2017.txt,9,5,2,berlin,2017,0
259,berlin_000260_000019_leftImg8bit_23-01-2019.txt,11,0,0,berlin,2019,0
260,berlin_000261_000019_leftImg8bit_07-07-2016.txt,8,3,1,berlin,2016,0
261,berlin_000262_000019_leftImg8bit_30-12-2019.txt,11,0,0,berlin,2019,0
262,berlin_000263_000019_leftImg8bit_01-07-2015.txt,13,0,0,berlin,2015,0
263,berlin_000264_000019_leftImg8bit_01-12-2017.txt,9,0,0,berlin,2017,0
264,berlin_000265_000019_leftImg8bit_31-08-2015.txt,8,1,0,berlin,2015,0
265,berlin_000266_000019_leftImg8bit_11-09-2015.txt,7,1,0,berlin,2015,0
266,berlin_000267_000019_leftImg8bit_09-07-2018.txt,6,6,3,berlin,2018,0
267,berlin_000268_000019_leftImg8bit_06-10-2018.txt,3,0,0,berlin,2018,0
268,berlin_000269_000019_leftImg8bit_08-07-2017.txt,8,1,1,berlin,2017,0
269,berlin_000270_000019_leftImg8bit_15-11-2015.txt,2,2,2,berlin,2015,0
270,berlin_000271_000019_leftImg8bit_30-08-2018.txt,5,2,2,berlin,2018,0
271,berlin_000272_000019_leftImg8bit_21-07-2016.txt,13,0,0,berlin,2016,0
272,berlin_000273_000019_leftImg8bit_23-11-2019.txt,14,1,0,berlin,2019,0
273,berlin_000274_000019_leftImg8bit_10-01-2018.txt,6,0,1,berlin,2018,0
274,berlin_000275_000019_leftImg8bit_30-08-2018.txt,5,1,0,berlin,2018,0
275,berlin_000276_000019_leftImg8bit_21-04-2017.txt,12,0,0,berlin,2017,0
276,berlin_000277_000019_leftImg8bit_17-01-2016.txt,3,1,0,berlin,2016,0
277,berlin_000278_000019_leftImg8bit_24-08-2019.txt,3,0,0,berlin,2019,0
278,berlin_000279_000019_leftImg8bit_06-12-2016.txt,14,0,0,berlin,2016,0
279,berlin_000280_000019_leftImg8bit_20-03-2018.txt,3,0,0,berlin,2018,0
280,berlin_000281_000019_leftImg8bit_09-01-2015.txt,5,1,0,berlin,2015,0
281,berlin_000282_000019_leftImg8bit_13-11-2016.txt,7,2,0,berlin,2016,0
282,berlin_000283_000019_leftImg8bit_10-01-2017.txt,15,1,0,berlin,2017,0
283,berlin_000284_000019_leftImg8bit_11-10-2019.txt,7,2,0,berlin,2019,0
284,berlin_000285_000019_leftImg8bit_19-02-2019.txt,5,0,3,berlin,2019,0
285,berlin_000286_000019_leftImg8bit_23-04-2018.txt,14,2,0,berlin,2018,0
286,berlin_000287_000019_leftImg8bit_25-05-2017.txt,5,7,1,berlin,2017,0
287,berlin_000288_000019_leftImg8bit_18-01-2019.txt,8,2,0,berlin,2019,0
288,berlin_000289_000019_leftImg8bit_24-06-2018.txt,15,0,0,berlin,2018,0
289,berlin_000290_000019_leftImg8bit_29-01-2019.txt,12,0,0,berlin,2019,0
290,berlin_000291_000019_leftImg8bit_06-02-2017.txt,8,0,0,berlin,2017,0
291,berlin_000292_000019_leftImg8bit_07-02-2018.txt,12,0,0,berlin,2018,0
292,berlin_000293_000019_leftImg8bit_09-05-2016.txt,8,1,0,berlin,2016,0
293,berlin_000294_000019_leftImg8bit_25-10-2019.txt,4,4,1,berlin,2019,0
294,berlin_000295_000019_leftImg8bit_01-03-2019.txt,10,3,0,berlin,2019,0
295,berlin_000296_000019_leftImg8bit_22-06-2018.txt,15,0,0,berlin,2018,0
296,berlin_000297_000019_leftImg8bit_27-06-2015.txt,4,0,0,berlin,2015,0
297,berlin_000298_000019_leftImg8bit_06-11-2015.txt,12,0,0,berlin,2015,0
298,berlin_000299_000019_leftImg8bit_25-07-2017.txt,3,0,0,berlin,2017,0
299,berlin_000300_000019_leftImg8bit_26-05-2018.txt,12,1,0,berlin,2018,0
300,berlin_000301_000019_leftImg8bit_27-09-2016.txt,11,0,0,berlin,2016,0
301,berlin_000302_000019_leftImg8bit_11-05-2018.txt,15,1,0,berlin,2018,0
302,berlin_000303_000019_leftImg8bit_06-08-2017.txt,12,2,0,berlin,2017,0
303,berlin_000304_000019_leftImg8bit_04-04-2016.txt,12,3,0,berlin,2016,0
304,berlin_000305_000019_leftImg8bit_22-11-2015.txt,3,1,0,berlin,2015,0
305,berlin_000306_000019_leftImg8bit_27-02-2016.txt,10,0,0,berlin,2016,0
306,berlin_000307_000019_leftImg8bit_16-01-2015.txt,10,2,0,berlin,2015,0
307,berlin_000308_000019_leftImg8bit_11-03-2019.txt,11,0,0,berlin,2019,0
308,berlin_000309_000019_leftImg8bit_17-01-2017.txt,7,1,0,berlin,2017,0
309,berlin_000310_000019_leftImg8bit_28-02-2015.txt,9,0,0,berlin,2015,0
310,berlin_000311_000019_leftImg8bit_29-01-2016.txt,3,1,0,berlin,2016,0
311,berlin_000312_000019_leftImg8bit_03-12-2015.txt,1,1,0,berlin,2015,0
312,berlin_000313_000019_leftImg8bit_27-04-2019.txt,4,1,0,berlin,2019,0
313,berlin_000314_000019_leftImg8bit_07-12-2018.txt,1,5,2,berlin,2018,0
314,berlin_000315_000019_leftImg8bit_22-11-2017.txt,11,0,0,berlin,2017,0
315,berlin_000316_000019_leftImg8bit_14-05-2018.txt,8,7,4,berlin,2018,0
316,berlin_000317_000019_leftImg8bit_29-09-2018.txt,8,2,0,berlin,2018,0
317,berlin_000318_000019_leftImg8bit_20-06-2018.txt,11,0,0,berlin,2018,0
318,berlin_000319_000019_leftImg8bit_23-08-2018.txt,14,0,0,berlin,2018,0
319,berlin_000320_000019_leftImg8bit_25-02-2019.txt,1,4,0,berlin,2019,0
320,berlin_000321_000019_leftImg8bit_06-12-2019.txt,10,6,0,berlin,2019,0
321,berlin_000322_000019_leftImg8bit_25-01-2017.txt,8,0,0,berlin,2017,0
322,berlin_000323_000019_leftImg8bit_25-08-2015.txt,6,4,0,berlin,2015,0
323,berlin_000324_000019_leftImg8bit_05-05-2017.txt,2,5,0,berlin,2017,0
324,berlin_000325_000019_leftImg8bit_23-06-2017.txt,7,0,1,berlin,2017,0
325,berlin_000326_000019_leftImg8bit_30-08-2015.txt,5,2,0,berlin,2015,0
326,berlin_000327_000019_leftImg8bit_08-08-2016.txt,7,5,3,berlin,2016,0
327,berlin_000328_000019_leftImg8bit_27-07-2018.txt,6,2,0,berlin,2018,0
328,berlin_000329_000019_leftImg8bit_07-09-2017.txt,3,4,0,berlin,2017,0
329,berlin_000330_000019_leftImg8bit_07-10-2017.txt,11,0,0,berlin,2017,0
330,berlin_000331_000019_leftImg8bit_30-06-2015.txt,8,4,0,berlin,2015,0
331,berlin_000332_000019_leftImg8bit_15-10-2017.txt,8,0,0,berlin,2017,0
332,berlin_000333_000019_leftImg8bit_22-10-2016.txt,7,1,1,berlin,2016,0
333,berlin_000334_000019_leftImg8bit_22-03-2019.txt,17,0,0,berlin,2019,0
334,berlin_000335_000019_leftImg8bit_13-05-2016.txt,5,3,1,berlin,2016,0
335,berlin_000336_000019_leftImg8bit_12-02-2015.txt,3,2,2,berlin,2015,0
336,berlin_000337_000019_leftImg8bit_25-09-2019.txt,8,0,0,berlin,2019,0
337,berlin_000338_000019_leftImg8bit_13-09-2016.txt,13,0,0,berlin,2016,0
338,berlin_000339_000019_leftImg8bit_04-04-2016.txt,7,4,0,berlin,2016,0
339,berlin_000340_000019_leftImg8bit_15-06-2019.txt,1,1,0,berlin,2019,0
340,berlin_000341_000019_leftImg8bit_16-02-2015.txt,13,0,1,berlin,2015,0
341,berlin_000342_000019_leftImg8bit_10-09-2019.txt,15,0,0,berlin,2019,0
342,berlin_000343_000019_leftImg8bit_05-07-2018.txt,5,6,0,berlin,2018,0
343,berlin_000344_000019_leftImg8bit_19-04-2016.txt,12,4,0,berlin,2016,0
344,berlin_000345_000019_leftImg8bit_05-10-2016.txt,4,3,2,berlin,2016,0
345,berlin_000346_000019_leftImg8bit_13-10-2018.txt,8,0,0,berlin,2018,0
346,berlin_000347_000019_leftImg8bit_11-10-2016.txt,13,0,0,berlin,2016,0
347,berlin_000348_000019_leftImg8bit_24-01-2019.txt,5,6,0,berlin,2019,0
348,berlin_000349_000019_leftImg8bit_29-03-2019.txt,2,2,0,berlin,2019,0
349,berlin_000350_000019_leftImg8bit_22-09-2018.txt,11,0,1,berlin,2018,0
350,berlin_000351_000019_leftImg8bit_16-03-2017.txt,13,1,0,berlin,2017,0
351,berlin_000352_000019_leftImg8bit_09-02-2017.txt,9,3,0,berlin,2017,0
352,berlin_000353_000019_leftImg8bit_27-09-2016.txt,10,5,0,berlin,2016,0
353,berlin_000354_000019_leftImg8bit_16-03-2018.txt,4,2,0,berlin,2018,0
354,berlin_000355_000019_leftImg8bit_16-10-2015.txt,15,2,0,berlin,2015,0
355,berlin_000356_000019_leftImg8bit_13-01-2019.txt,7,4,0,berlin,2019,0
356,berlin_000357_000019_leftImg8bit_23-08-2015.txt,14,0,0,berlin,2015,0
357,berlin_000358_000019_leftImg8bit_28-01-2018.txt,4,3,3,berlin,2018,0
358,berlin_000359_000019_leftImg8bit_04-07-2017.txt,4,1,1,berlin,2017,0
359,berlin_000360_000019_leftImg8bit_12-09-2017.txt,12,1,0,berlin,2017,0
360,berlin_000361_000019_leftImg8bit_22-02-2015.txt,13,0,0,berlin,2015,0
361,berlin_000362_000019_leftImg8bit_16-04-2017.txt,2,2,0,berlin,2017,0
362,berlin_000363_000019_leftImg8bit_29-09-2015.txt,13,1,1,berlin,2015,0
363,berlin_000364_000019_leftImg8bit_31-07-2016.txt,10,0,0,berlin,2016,0
364,berlin_000365_000019_leftImg8bit_03-10-2017.txt,4,1,0,berlin,2017,0
365,berlin_000366_000019_leftImg8bit_12-01-2019.txt,7,2,0,berlin,2019,0
366,berlin_000367_000019_leftImg8bit_24-10-2017.txt,15,1,0,berlin,2017,0
367,berlin_000368_000019_leftImg8bit_18-12-2017.txt,7,0,1,berlin,2017,0
368,berlin_000369_000019_leftImg8bit_05-03-2019.txt,6,0,0,berlin,2019,0
369,berlin_000370_000019_leftImg8bit_20-06-2016.txt,4,0,0,berlin,2016,0
370,berlin_000371_000019_leftImg8bit_14-09-2015.txt,5,2,2,berlin,2015,0
371,berlin_000372_000019_leftImg8bit_12-11-2017.txt,7,0,0,berlin,2017,0
372,berlin_000373_000019_leftImg8bit_10-03-2016.txt,4,3,1,berlin,2016,0
373,berlin_000374_000019_leftImg8bit_30-12-2016.txt,3,0,1,berlin,2016,0
374,berlin_000375_000019_leftImg8bit_30-07-2018.txt,7,1,0,berlin,2018,0
375,berlin_000376_000019_leftImg8bit_28-06-2018.txt,5,6,0,berlin,2018,0
376,berlin_000377_000019_leftImg8bit_10-06-2016.txt,5,0,0,berlin,2016,0
377,berlin_000378_000019_leftImg8bit_08-06-2017.txt,9,0,0,berlin,2017,0
378,berlin_000379_000019_leftImg8bit_26-03-2018.txt,8,1,0,berlin,2018,0
379,berlin_000380_000019_leftImg8bit_23-11-2015.txt,12,0,0,berlin,2015,0
380,berlin_000381_000019_leftImg8bit_02-10-2015.txt,2,5,0,berlin,2015,0
381,berlin_000382_000019_leftImg8bit_26-08-2019.txt,8,0,0,berlin,2019,0
382,berlin_000383_000019_leftImg8bit_09-07-2018.txt,5,0,0,berlin,2018,0
383,berlin_000384_000019_leftImg8bit_06-07-2016.txt,8,3,0,berlin,2016,0
384,berlin_000385_000019_leftImg8bit_28-09-2018.txt,14,0,0,berlin,2018,0
385,berlin_000386_000019_leftImg8bit_28-08-2016.txt,3,2,0,berlin,2016,0
386,berlin_000387_000019_leftImg8bit_03-10-2018.txt,9,2,1,berlin,2018,0
387,berlin_000388_000019_leftImg8bit_20-10-2018.txt,8,1,1,berlin,2018,0
388,berlin_000389_000019_leftImg8bit_05-05-2017.txt,18,0,0,berlin,2017,0
389,berlin_000390_000019_leftImg8bit_12-11-2015.txt,7,0,0,berlin,2015,0
390,berlin_000391_000019_leftImg8bit_15-07-2015.txt,13,0,0,berlin,2015,0
391,berlin_000392_000019_leftImg8bit_11-12-2015.txt,17,0,0,berlin,2015,0
392,berlin_000393_000019_leftImg8bit_15-09-2017.txt,12,1,0,berlin,2017,0
393,berlin_000394_000019_leftImg8bit_05-02-2017.txt,9,2,0,berlin,2017,0
394,berlin_000395_000019_leftImg8bit_24-09-2016.txt,6,0,0,berlin,2016,0
395,berlin_000396_000019_leftImg8bit_09-07-2019.txt,10,1,0,berlin,2019,0
396,berlin_000397_000019_leftImg8bit_18-02-2017.txt,7,0,0,berlin,2017,0
397,berlin_000398_000019_leftImg8bit_30-12-2015.txt,13,0,0,berlin,2015,0
398,berlin_000399_000019_leftImg8bit_19-07-2016.txt,4,1,2,berlin,2016,0
399,berlin_000400_000019_leftImg8bit_23-07-2019.txt,4,10,2,berlin,2019,0
400,berlin_000401_000019_leftImg8bit_29-07-2017.txt,10,4,0,berlin,2017,0
401,berlin_000402_000019_leftImg8bit_27-01-2019.txt,13,0,0,berlin,2019,0
402,berlin_000403_000019_leftImg8bit_13-09-2016.txt,9,0,0,berlin,2016,0
403,berlin_000404_000019_leftImg8bit_11-11-2017.txt,15,2,0,berlin,2017,0
404,berlin_000405_000019_leftImg8bit_01-02-2015.txt,13,1,0,berlin,2015,0
405,berlin_000406_000019_leftImg8bit_04-12-2016.txt,11,0,1,berlin,2016,0
406,berlin_000407_000019_leftImg8bit_26-04-2015.txt,10,0,0,berlin,2015,0
407,berlin_000408_000019_leftImg8bit_23-08-2016.txt,3,6,1,berlin,2016,0
408,berlin_000409_000019_leftImg8bit_07-03-2017.txt,8,0,1,berlin,2017,0
409,berlin_000410_000019_leftImg8bit_31-01-2019.txt,10,1,0,berlin,2019,0
410,berlin_000411_000019_leftImg8bit_01-01-2019.txt,12,0,0,berlin,2019,0
411,berlin_000412_000019_leftImg8bit_02-11-2016.txt,8,1,0,berlin,2016,0
412,berlin_000413_000019_leftImg8bit_07-08-2019.txt,5,3,0,berlin,2019,0
413,berlin_000414_000019_leftImg8bit_12-09-2019.txt,7,4,1,berlin,2019,0
414,berlin_000415_000019_leftImg8bit_22-05-2018.txt,5,11,3,berlin,2018,0
415,berlin_000416_000019_leftImg8bit_21-01-2016.txt,3,4,2,berlin,2016,0
416,berlin_000417_000019_leftImg8bit_15-06-2017.txt,9,3,0,berlin,2017,0
417,berlin_000418_000019_leftImg8bit_01-02-2016.txt,3,20,0,berlin,2016,0
418,berlin_000419_000019_leftImg8bit_21-08-2019.txt,0,20,0,berlin,2019,0
419,berlin_000420_000019_leftImg8bit_14-01-2017.txt,1,15,0,berlin,2017,0
420,berlin_000421_000019_leftImg8bit_20-12-2017.txt,1,7,0,berlin,2017,0
421,berlin_000422_000019_leftImg8bit_23-02-2019.txt,6,0,0,berlin,2019,0
422,berlin_000423_000019_leftImg8bit_12-05-2016.txt,9,0,0,berlin,2016,0
423,berlin_000424_000019_leftImg8bit_03-03-2016.txt,3,7,0,berlin,2016,0
424,berlin_000425_000019_leftImg8bit_21-12-2015.txt,0,9,0,berlin,2015,0
425,berlin_000426_000019_leftImg8bit_08-05-2019.txt,4,0,2,berlin,2019,0
426,berlin_000427_000019_leftImg8bit_29-04-2017.txt,0,15,2,berlin,2017,0
427,berlin_000428_000019_leftImg8bit_18-07-2017.txt,1,10,2,berlin,2017,0
428,berlin_000429_000019_leftImg8bit_14-07-2016.txt,3,6,0,berlin,2016,0
429,berlin_000430_000019_leftImg8bit_14-11-2015.txt,3,3,0,berlin,2015,0
430,berlin_000431_000019_leftImg8bit_15-12-2019.txt,7,4,0,berlin,2019,0
431,berlin_000432_000019_leftImg8bit_13-04-2016.txt,14,1,0,berlin,2016,0
432,berlin_000433_000019_leftImg8bit_26-12-2018.txt,5,2,0,berlin,2018,0
433,berlin_000434_000019_leftImg8bit_08-10-2015.txt,12,2,0,berlin,2015,0
434,berlin_000435_000019_leftImg8bit_17-05-2017.txt,15,1,0,berlin,2017,0
435,berlin_000436_000019_leftImg8bit_03-10-2019.txt,7,3,0,berlin,2019,0
436,berlin_000437_000019_leftImg8bit_29-07-2018.txt,6,1,0,berlin,2018,0
437,berlin_000438_000019_leftImg8bit_22-10-2018.txt,9,1,0,berlin,2018,0
438,berlin_000439_000019_leftImg8bit_24-08-2017.txt,11,3,0,berlin,2017,0
439,berlin_000440_000019_leftImg8bit_13-01-2016.txt,0,3,0,berlin,2016,0
440,berlin_000441_000019_leftImg8bit_05-10-2017.txt,2,6,0,berlin,2017,0
441,berlin_000442_000019_leftImg8bit_10-08-2019.txt,7,3,0,berlin,2019,0
442,berlin_000443_000019_leftImg8bit_10-03-2015.txt,9,1,0,berlin,2015,0
443,berlin_000444_000019_leftImg8bit_29-08-2015.txt,4,3,1,berlin,2015,0
444,berlin_000445_000019_leftImg8bit_28-07-2016.txt,2,1,0,berlin,2016,0
445,berlin_000446_000019_leftImg8bit_24-06-2016.txt,5,1,0,berlin,2016,0
446,berlin_000447_000019_leftImg8bit_10-05-2019.txt,2,0,0,berlin,2019,0
447,berlin_000448_000019_leftImg8bit_02-05-2015.txt,7,2,0,berlin,2015,0
448,berlin_000449_000019_leftImg8bit_28-10-2018.txt,8,1,0,berlin,2018,0
449,berlin_000450_000019_leftImg8bit_13-12-2015.txt,10,0,0,berlin,2015,0
450,berlin_000452_000019_leftImg8bit_08-11-2015.txt,11,0,0,berlin,2015,0
451,berlin_000453_000019_leftImg8bit_14-07-2016.txt,1,4,2,berlin,2016,0
452,berlin_000454_000019_leftImg8bit_28-03-2015.txt,7,3,2,berlin,2015,0
453,berlin_000455_000019_leftImg8bit_29-05-2015.txt,6,4,2,berlin,2015,0
454,berlin_000456_000019_leftImg8bit_26-06-2017.txt,6,2,1,berlin,2017,0
455,berlin_000457_000019_leftImg8bit_19-12-2019.txt,10,1,0,berlin,2019,0
456,berlin_000458_000019_leftImg8bit_12-08-2019.txt,3,3,0,berlin,2019,0
457,berlin_000459_000019_leftImg8bit_08-01-2018.txt,17,0,0,berlin,2018,0
458,berlin_000460_000019_leftImg8bit_20-03-2016.txt,10,0,0,berlin,2016,0
459,berlin_000461_000019_leftImg8bit_24-08-2015.txt,8,2,1,berlin,2015,0
460,berlin_000462_000019_leftImg8bit_09-04-2019.txt,3,2,4,berlin,2019,0
461,berlin_000463_000019_leftImg8bit_11-09-2015.txt,3,1,0,berlin,2015,0
462,berlin_000464_000019_leftImg8bit_11-08-2019.txt,7,2,2,berlin,2019,0
463,berlin_000465_000019_leftImg8bit_26-01-2015.txt,4,0,1,berlin,2015,0
464,berlin_000466_000019_leftImg8bit_09-04-2017.txt,6,2,0,berlin,2017,0
465,berlin_000467_000019_leftImg8bit_18-05-2017.txt,2,2,4,berlin,2017,0
466,berlin_000468_000019_leftImg8bit_02-04-2016.txt,12,0,0,berlin,2016,0
467,berlin_000469_000019_leftImg8bit_13-01-2019.txt,9,1,0,berlin,2019,0
468,berlin_000470_000019_leftImg8bit_19-06-2018.txt,10,0,0,berlin,2018,0
469,berlin_000471_000019_leftImg8bit_19-04-2017.txt,8,1,0,berlin,2017,0
470,berlin_000472_000019_leftImg8bit_23-01-2019.txt,12,0,0,berlin,2019,0
471,berlin_000473_000019_leftImg8bit_14-11-2016.txt,10,0,0,berlin,2016,0
472,berlin_000474_000019_leftImg8bit_20-06-2019.txt,8,1,0,berlin,2019,0
473,berlin_000475_000019_leftImg8bit_28-12-2019.txt,7,0,0,berlin,2019,0
474,berlin_000476_000019_leftImg8bit_18-09-2015.txt,5,0,0,berlin,2015,0
475,berlin_000477_000019_leftImg8bit_01-05-2019.txt,15,1,0,berlin,2019,0
476,berlin_000478_000019_leftImg8bit_13-11-2019.txt,8,1,0,berlin,2019,0
477,berlin_000479_000019_leftImg8bit_15-12-2018.txt,14,0,0,berlin,2018,0
478,berlin_000480_000019_leftImg8bit_18-11-2018.txt,6,1,1,berlin,2018,0
479,berlin_000481_000019_leftImg8bit_03-09-2016.txt,20,0,0,berlin,2016,0
480,berlin_000482_000019_leftImg8bit_28-02-2019.txt,11,4,1,berlin,2019,0
481,berlin_000483_000019_leftImg8bit_01-01-2018.txt,7,0,0,berlin,2018,0
482,berlin_000484_000019_leftImg8bit_19-02-2019.txt,7,2,0,berlin,2019,0
483,berlin_000485_000019_leftImg8bit_14-03-2016.txt,10,1,0,berlin,2016,0
484,berlin_000486_000019_leftImg8bit_12-02-2018.txt,4,4,0,berlin,2018,0
485,berlin_000487_000019_leftImg8bit_12-01-2015.txt,18,0,0,berlin,2015,0
486,berlin_000488_000019_leftImg8bit_05-07-2018.txt,8,1,1,berlin,2018,0
487,berlin_000489_000019_leftImg8bit_20-09-2017.txt,4,6,1,berlin,2017,0
488,berlin_000490_000019_leftImg8bit_14-04-2017.txt,13,2,0,berlin,2017,0
489,berlin_000491_000019_leftImg8bit_10-05-2016.txt,9,3,0,berlin,2016,0
490,berlin_000492_000019_leftImg8bit_16-10-2015.txt,5,0,0,berlin,2015,0
491,berlin_000493_000019_leftImg8bit_26-03-2018.txt,7,0,0,berlin,2018,0
492,berlin_000494_000019_leftImg8bit_09-12-2015.txt,6,0,0,berlin,2015,0
493,berlin_000495_000019_leftImg8bit_28-12-2015.txt,7,0,3,berlin,2015,0
494,berlin_000496_000019_leftImg8bit_14-03-2018.txt,1,2,3,berlin,2018,0
495,berlin_000497_000019_leftImg8bit_30-04-2015.txt,16,0,0,berlin,2015,0
496,berlin_000498_000019_leftImg8bit_01-12-2015.txt,7,0,0,berlin,2015,0
497,berlin_000499_000019_leftImg8bit_28-07-2016.txt,7,1,2,berlin,2016,0
498,berlin_000500_000019_leftImg8bit_25-12-2018.txt,10,1,1,berlin,2018,0
499,berlin_000501_000019_leftImg8bit_24-12-2015.txt,10,0,0,berlin,2015,0
500,berlin_000502_000019_leftImg8bit_30-01-2019.txt,5,0,0,berlin,2019,0
501,berlin_000503_000019_leftImg8bit_10-05-2015.txt,5,0,0,berlin,2015,0
502,berlin_000504_000019_leftImg8bit_31-05-2017.txt,4,2,2,berlin,2017,0
503,berlin_000505_000019_leftImg8bit_09-12-2016.txt,5,0,0,berlin,2016,0
504,berlin_000506_000019_leftImg8bit_12-06-2018.txt,7,0,0,berlin,2018,0
505,berlin_000508_000019_leftImg8bit_22-11-2019.txt,7,0,0,berlin,2019,0
506,berlin_000509_000019_leftImg8bit_16-06-2019.txt,8,4,5,berlin,2019,0
507,berlin_000510_000019_leftImg8bit_27-03-2017.txt,7,0,1,berlin,2017,0
508,berlin_000511_000019_leftImg8bit_04-05-2019.txt,5,4,2,berlin,2019,0
509,berlin_000512_000019_leftImg8bit_26-01-2016.txt,5,2,0,berlin,2016,0
510,berlin_000513_000019_leftImg8bit_02-04-2016.txt,6,0,0,berlin,2016,0
511,berlin_000514_000019_leftImg8bit_26-02-2017.txt,10,2,2,berlin,2017,0
512,berlin_000515_000019_leftImg8bit_17-06-2017.txt,13,0,0,berlin,2017,0
513,berlin_000516_000019_leftImg8bit_19-08-2017.txt,4,0,3,berlin,2017,0
514,berlin_000517_000019_leftImg8bit_25-08-2019.txt,8,0,0,berlin,2019,0
515,berlin_000518_000019_leftImg8bit_30-07-2017.txt,7,1,0,berlin,2017,0
516,berlin_000519_000019_leftImg8bit_26-10-2019.txt,1,0,0,berlin,2019,0
517,berlin_000520_000019_leftImg8bit_02-08-2017.txt,11,0,1,berlin,2017,0
518,berlin_000521_000019_leftImg8bit_19-02-2018.txt,8,0,0,berlin,2018,0
519,berlin_000522_000019_leftImg8bit_22-02-2019.txt,8,2,2,berlin,2019,0
520,berlin_000523_000019_leftImg8bit_08-10-2015.txt,8,0,0,berlin,2015,0
521,berlin_000524_000019_leftImg8bit_10-09-2019.txt,5,0,3,berlin,2019,0
522,berlin_000525_000019_leftImg8bit_18-12-2017.txt,5,0,2,berlin,2017,0
523,berlin_000526_000019_leftImg8bit_19-12-2017.txt,9,0,0,berlin,2017,0
524,berlin_000527_000019_leftImg8bit_29-12-2015.txt,11,0,0,berlin,2015,0
525,berlin_000528_000019_leftImg8bit_25-12-2019.txt,10,0,0,berlin,2019,0
526,berlin_000529_000019_leftImg8bit_18-03-2016.txt,7,0,0,berlin,2016,0
527,berlin_000530_000019_leftImg8bit_04-02-2019.txt,3,3,3,berlin,2019,0
528,berlin_000531_000019_leftImg8bit_10-06-2016.txt,5,0,0,berlin,2016,0
529,berlin_000532_000019_leftImg8bit_14-06-2016.txt,8,1,2,berlin,2016,0
530,berlin_000533_000019_leftImg8bit_28-04-2019.txt,2,1,0,berlin,2019,0
531,berlin_000534_000019_leftImg8bit_23-01-2018.txt,13,0,0,berlin,2018,0
532,berlin_000535_000019_leftImg8bit_12-04-2016.txt,7,3,1,berlin,2016,0
533,berlin_000536_000019_leftImg8bit_16-03-2015.txt,7,1,2,berlin,2015,0
534,berlin_000537_000019_leftImg8bit_16-12-2019.txt,16,1,0,berlin,2019,0
535,berlin_000538_000019_leftImg8bit_24-03-2015.txt,4,0,2,berlin,2015,0
536,berlin_000539_000019_leftImg8bit_31-01-2016.txt,7,0,0,berlin,2016,0
537,berlin_000540_000019_leftImg8bit_22-06-2019.txt,13,0,1,berlin,2019,0
538,berlin_000541_000019_leftImg8bit_22-09-2018.txt,10,1,3,berlin,2018,0
539,berlin_000542_000019_leftImg8bit_13-01-2015.txt,12,0,0,berlin,2015,0
540,berlin_000543_000019_leftImg8bit_15-11-2019.txt,6,2,0,berlin,2019,0
541,bonn_000000_000019_leftImg8bit_18-07-2017.txt,10,0,0,bonn,2017,0
542,bonn_000001_000019_leftImg8bit_22-11-2017.txt,6,2,4,bonn,2017,0
543,bonn_000002_000019_leftImg8bit_24-02-2019.txt,11,0,0,bonn,2019,0
544,bonn_000003_000019_leftImg8bit_27-07-2016.txt,6,4,0,bonn,2016,0
545,bonn_000004_000019_leftImg8bit_18-05-2019.txt,8,2,0,bonn,2019,0
546,bonn_000005_000019_leftImg8bit_03-03-2018.txt,5,5,0,bonn,2018,0
547,bonn_000006_000019_leftImg8bit_05-12-2019.txt,3,1,3,bonn,2019,0
548,bonn_000007_000019_leftImg8bit_12-01-2019.txt,1,0,1,bonn,2019,0
549,bonn_000008_000019_leftImg8bit_17-02-2017.txt,2,3,4,bonn,2017,0
550,bonn_000009_000019_leftImg8bit_31-12-2015.txt,3,1,0,bonn,2015,0
551,bonn_000010_000019_leftImg8bit_31-03-2018.txt,3,2,1,bonn,2018,0
552,bonn_000011_000019_leftImg8bit_25-12-2017.txt,6,0,1,bonn,2017,0
553,bonn_000012_000019_leftImg8bit_12-05-2015.txt,8,1,0,bonn,2015,0
554,bonn_000013_000019_leftImg8bit_13-08-2017.txt,4,0,2,bonn,2017,0
555,bonn_000014_000019_leftImg8bit_01-05-2016.txt,4,0,0,bonn,2016,0
556,bonn_000015_000019_leftImg8bit_14-03-2016.txt,2,0,1,bonn,2016,0
557,bonn_000016_000019_leftImg8bit_14-06-2016.txt,7,0,0,bonn,2016,0
558,bonn_000017_000019_leftImg8bit_27-12-2019.txt,1,2,0,bonn,2019,0
559,bonn_000018_000019_leftImg8bit_08-02-2015.txt,6,2,0,bonn,2015,0
560,bonn_000019_000019_leftImg8bit_19-02-2017.txt,4,0,0,bonn,2017,0
561,bonn_000020_000019_leftImg8bit_02-07-2016.txt,1,5,0,bonn,2016,0
562,bonn_000021_000019_leftImg8bit_15-09-2019.txt,13,2,0,bonn,2019,0
563,bonn_000022_000019_leftImg8bit_15-05-2016.txt,15,0,0,bonn,2016,0
564,bonn_000023_000019_leftImg8bit_19-10-2017.txt,6,0,0,bonn,2017,0
565,bonn_000024_000019_leftImg8bit_06-02-2017.txt,11,2,0,bonn,2017,0
566,bonn_000025_000019_leftImg8bit_07-08-2015.txt,3,0,2,bonn,2015,0
567,bonn_000026_000019_leftImg8bit_22-02-2018.txt,3,0,1,bonn,2018,0
568,bonn_000027_000019_leftImg8bit_09-02-2017.txt,5,2,2,bonn,2017,0
569,bonn_000028_000019_leftImg8bit_08-12-2015.txt,0,2,0,bonn,2015,0
570,bonn_000029_000019_leftImg8bit_21-02-2017.txt,2,5,0,bonn,2017,0
571,bonn_000030_000019_leftImg8bit_28-05-2019.txt,3,4,0,bonn,2019,0
572,bonn_000031_000019_leftImg8bit_25-08-2016.txt,3,8,1,bonn,2016,0
573,bonn_000032_000019_leftImg8bit_26-10-2016.txt,4,7,1,bonn,2016,0
574,bonn_000033_000019_leftImg8bit_17-08-2019.txt,5,1,2,bonn,2019,0
575,bonn_000034_000019_leftImg8bit_03-10-2018.txt,1,1,1,bonn,2018,0
576,bonn_000035_000019_leftImg8bit_01-09-2018.txt,3,3,3,bonn,2018,0
577,bonn_000036_000019_leftImg8bit_07-06-2018.txt,4,4,0,bonn,2018,0
578,bonn_000037_000019_leftImg8bit_22-04-2019.txt,11,0,0,bonn,2019,0
579,bonn_000038_000019_leftImg8bit_16-09-2017.txt,9,0,0,bonn,2017,0
580,bonn_000039_000019_leftImg8bit_03-12-2016.txt,7,4,0,bonn,2016,0
581,bonn_000040_000019_leftImg8bit_09-07-2015.txt,4,0,0,bonn,2015,0
582,bonn_000041_000019_leftImg8bit_18-10-2019.txt,2,0,2,bonn,2019,0
583,bonn_000042_000019_leftImg8bit_23-02-2019.txt,8,0,0,bonn,2019,0
584,bonn_000043_000019_leftImg8bit_02-05-2016.txt,1,2,0,bonn,2016,0
585,bonn_000044_000019_leftImg8bit_28-03-2017.txt,11,1,0,bonn,2017,0
586,zurich_000000_000019_leftImg8bit_20-08-2015.txt,1,0,1,zurich,2015,0
587,zurich_000001_000019_leftImg8bit_25-10-2019.txt,6,2,0,zurich,2019,0
588,zurich_000002_000019_leftImg8bit_27-01-2016.txt,0,5,2,zurich,2016,0
589,zurich_000003_000019_leftImg8bit_14-07-2017.txt,3,10,2,zurich,2017,0
590,zurich_000004_000019_leftImg8bit_08-12-2019.txt,5,3,3,zurich,2019,0
591,zurich_000005_000019_leftImg8bit_15-05-2017.txt,7,2,0,zurich,2017,0
592,zurich_000006_000019_leftImg8bit_21-03-2015.txt,0,0,0,zurich,2015,1
593,zurich_000007_000019_leftImg8bit_29-08-2019.txt,4,2,0,zurich,2019,0
594,zurich_000008_000019_leftImg8bit_11-11-2017.txt,3,0,0,zurich,2017,0
595,zurich_000009_000019_leftImg8bit_30-03-2017.txt,3,2,3,zurich,2017,0
596,zurich_000010_000019_leftImg8bit_15-09-2016.txt,2,4,1,zurich,2016,0
597,zurich_000011_000019_leftImg8bit_21-06-2018.txt,4,2,1,zurich,2018,0
598,zurich_000012_000019_leftImg8bit_19-10-2018.txt,6,1,2,zurich,2018,0
599,zurich_000013_000019_leftImg8bit_19-03-2017.txt,4,1,3,zurich,2017,0
600,zurich_000014_000019_leftImg8bit_11-04-2016.txt,3,7,2,zurich,2016,0
601,zurich_000015_000019_leftImg8bit_10-07-2017.txt,2,2,3,zurich,2017,0
602,zurich_000016_000019_leftImg8bit_02-02-2015.txt,7,1,0,zurich,2015,0
603,zurich_000017_000019_leftImg8bit_06-07-2018.txt,2,2,0,zurich,2018,0
604,zurich_000018_000019_leftImg8bit_03-11-2015.txt,3,2,0,zurich,2015,0
605,zurich_000019_000019_leftImg8bit_22-04-2018.txt,0,5,0,zurich,2018,1
606,zurich_000020_000019_leftImg8bit_24-03-2016.txt,3,3,5,zurich,2016,0
607,zurich_000021_000019_leftImg8bit_19-07-2019.txt,8,2,0,zurich,2019,0
608,zurich_000022_000019_leftImg8bit_13-10-2018.txt,3,1,2,zurich,2018,0
609,zurich_000023_000019_leftImg8bit_09-09-2018.txt,5,2,0,zurich,2018,0
610,zurich_000024_000019_leftImg8bit_04-10-2019.txt,1,5,0,zurich,2019,0
611,zurich_000025_000019_leftImg8bit_31-08-2016.txt,4,2,1,zurich,2016,0
612,zurich_000026_000019_leftImg8bit_03-08-2019.txt,12,0,0,zurich,2019,0
613,zurich_000027_000019_leftImg8bit_02-10-2016.txt,5,4,6,zurich,2016,0
614,zurich_000028_000019_leftImg8bit_15-11-2018.txt,6,1,4,zurich,2018,0
615,zurich_000029_000019_leftImg8bit_23-12-2015.txt,14,1,1,zurich,2015,0
616,zurich_000030_000019_leftImg8bit_29-04-2019.txt,4,4,2,zurich,2019,0
617,zurich_000031_000019_leftImg8bit_06-06-2019.txt,5,0,2,zurich,2019,0
618,zurich_000032_000019_leftImg8bit_10-12-2019.txt,8,0,1,zurich,2019,0
619,zurich_000033_000019_leftImg8bit_26-01-2015.txt,3,5,2,zurich,2015,0
620,zurich_000034_000019_leftImg8bit_21-09-2016.txt,5,0,1,zurich,2016,0
621,zurich_000035_000019_leftImg8bit_06-03-2015.txt,4,2,2,zurich,2015,0
622,zurich_000036_000019_leftImg8bit_10-12-2017.txt,8,0,1,zurich,2017,0
623,zurich_000037_000019_leftImg8bit_20-01-2017.txt,7,0,1,zurich,2017,0
624,zurich_000038_000019_leftImg8bit_18-03-2018.txt,7,5,0,zurich,2018,0
625,zurich_000039_000019_leftImg8bit_01-06-2018.txt,3,5,0,zurich,2018,0
626,zurich_000040_000019_leftImg8bit_10-07-2019.txt,5,7,5,zurich,2019,0
627,zurich_000041_000019_leftImg8bit_09-09-2018.txt,3,3,2,zurich,2018,0
628,zurich_000042_000019_leftImg8bit_02-03-2015.txt,3,8,2,zurich,2015,0
629,zurich_000043_000019_leftImg8bit_31-07-2018.txt,7,3,2,zurich,2018,0
630,zurich_000044_000019_leftImg8bit_05-12-2016.txt,2,4,2,zurich,2016,0
631,zurich_000045_000019_leftImg8bit_16-11-2015.txt,2,8,6,zurich,2015,0
632,zurich_000046_000019_leftImg8bit_09-03-2015.txt,1,0,0,zurich,2015,0
633,zurich_000047_000019_leftImg8bit_12-02-2015.txt,7,0,0,zurich,2015,0
634,zurich_000048_000019_leftImg8bit_23-07-2019.txt,5,0,0,zurich,2019,0
635,zurich_000049_000019_leftImg8bit_01-08-2015.txt,4,0,0,zurich,2015,0
636,zurich_000050_000019_leftImg8bit_19-03-2016.txt,3,0,1,zurich,2016,0
637,zurich_000051_000019_leftImg8bit_17-03-2019.txt,1,4,2,zurich,2019,0
638,zurich_000052_000019_leftImg8bit_14-11-2016.txt,2,2,3,zurich,2016,0
639,zurich_000053_000019_leftImg8bit_20-01-2018.txt,2,0,0,zurich,2018,0
640,zurich_000054_000019_leftImg8bit_16-06-2015.txt,5,0,0,zurich,2015,0
641,zurich_000055_000019_leftImg8bit_18-11-2017.txt,3,2,0,zurich,2017,0
642,zurich_000056_000019_leftImg8bit_01-09-2015.txt,6,0,0,zurich,2015,0
643,zurich_000057_000019_leftImg8bit_24-04-2017.txt,7,1,0,zurich,2017,0
644,zurich_000058_000019_leftImg8bit_24-09-2018.txt,13,0,0,zurich,2018,0
645,zurich_000059_000019_leftImg8bit_10-09-2019.txt,0,5,4,zurich,2019,0
646,zurich_000060_000019_leftImg8bit_31-01-2019.txt,0,3,0,zurich,2019,0
647,zurich_000061_000019_leftImg8bit_11-11-2016.txt,1,3,1,zurich,2016,0
648,zurich_000062_000019_leftImg8bit_12-11-2017.txt,2,11,3,zurich,2017,0
649,zurich_000063_000019_leftImg8bit_23-11-2019.txt,5,7,0,zurich,2019,0
650,zurich_000064_000019_leftImg8bit_29-05-2015.txt,8,2,0,zurich,2015,0
651,zurich_000065_000019_leftImg8bit_13-02-2015.txt,0,7,0,zurich,2015,0
652,zurich_000066_000019_leftImg8bit_01-08-2016.txt,8,8,0,zurich,2016,0
653,zurich_000067_000019_leftImg8bit_15-12-2019.txt,10,6,0,zurich,2019,0
654,zurich_000068_000019_leftImg8bit_12-04-2016.txt,8,6,0,zurich,2016,0
655,zurich_000069_000019_leftImg8bit_20-04-2015.txt,4,3,0,zurich,2015,0
656,zurich_000070_000019_leftImg8bit_17-12-2018.txt,3,10,1,zurich,2018,0
657,zurich_000071_000019_leftImg8bit_07-01-2019.txt,1,13,0,zurich,2019,0
658,zurich_000072_000019_leftImg8bit_29-05-2016.txt,0,12,0,zurich,2016,0
659,zurich_000073_000019_leftImg8bit_05-09-2015.txt,2,3,0,zurich,2015,0
660,zurich_000074_000019_leftImg8bit_13-10-2016.txt,2,5,1,zurich,2016,0
661,zurich_000075_000019_leftImg8bit_22-04-2015.txt,10,0,0,zurich,2015,0
662,zurich_000076_000019_leftImg8bit_17-06-2018.txt,6,0,2,zurich,2018,0
663,zurich_000077_000019_leftImg8bit_18-12-2019.txt,3,1,1,zurich,2019,0
664,zurich_000078_000019_leftImg8bit_16-07-2015.txt,2,3,0,zurich,2015,0
665,zurich_000079_000019_leftImg8bit_16-02-2016.txt,4,2,2,zurich,2016,0
666,zurich_000080_000019_leftImg8bit_02-07-2019.txt,1,8,2,zurich,2019,0
667,zurich_000081_000019_leftImg8bit_03-06-2015.txt,0,1,0,zurich,2015,0
668,zurich_000082_000019_leftImg8bit_09-09-2017.txt,1,0,0,zurich,2017,0
669,zurich_000083_000019_leftImg8bit_01-10-2017.txt,2,0,0,zurich,2017,0
670,zurich_000084_000019_leftImg8bit_12-09-2019.txt,1,2,0,zurich,2019,0
671,zurich_000085_000019_leftImg8bit_27-02-2016.txt,2,1,0,zurich,2016,0
672,zurich_000086_000019_leftImg8bit_21-12-2018.txt,1,3,0,zurich,2018,0
673,zurich_000087_000019_leftImg8bit_13-03-2015.txt,3,3,0,zurich,2015,0
674,zurich_000088_000019_leftImg8bit_25-06-2016.txt,3,2,0,zurich,2016,0
675,zurich_000089_000019_leftImg8bit_27-12-2018.txt,10,3,0,zurich,2018,0
676,zurich_000090_000019_leftImg8bit_11-05-2019.txt,8,1,0,zurich,2019,0
677,zurich_000091_000019_leftImg8bit_13-11-2016.txt,4,0,0,zurich,2016,0
678,zurich_000092_000019_leftImg8bit_08-10-2015.txt,4,0,0,zurich,2015,0
679,zurich_000093_000019_leftImg8bit_22-07-2017.txt,1,0,0,zurich,2017,0
680,zurich_000094_000019_leftImg8bit_27-12-2016.txt,0,1,0,zurich,2016,0
681,zurich_000095_000019_leftImg8bit_08-08-2019.txt,2,2,0,zurich,2019,0
682,zurich_000096_000019_leftImg8bit_16-04-2019.txt,4,0,0,zurich,2019,0
683,zurich_000097_000019_leftImg8bit_08-09-2018.txt,8,0,0,zurich,2018,0
684,zurich_000098_000019_leftImg8bit_23-01-2018.txt,6,0,0,zurich,2018,0
685,zurich_000099_000019_leftImg8bit_23-06-2016.txt,2,1,2,zurich,2016,0
686,zurich_000100_000019_leftImg8bit_26-06-2017.txt,7,0,0,zurich,2017,0
687,zurich_000101_000019_leftImg8bit_02-05-2019.txt,0,0,0,zurich,2019,1
688,zurich_000102_000019_leftImg8bit_31-08-2015.txt,3,2,0,zurich,2015,0
689,zurich_000103_000019_leftImg8bit_23-01-2019.txt,5,0,0,zurich,2019,0
690,zurich_000104_000019_leftImg8bit_22-06-2019.txt,2,0,0,zurich,2019,0
691,zurich_000105_000019_leftImg8bit_13-03-2016.txt,3,0,0,zurich,2016,0
692,zurich_000106_000019_leftImg8bit_28-02-2017.txt,6,1,1,zurich,2017,0
693,zurich_000107_000019_leftImg8bit_20-06-2017.txt,6,0,0,zurich,2017,0
694,zurich_000108_000019_leftImg8bit_31-12-2015.txt,1,0,0,zurich,2015,0
695,zurich_000109_000019_leftImg8bit_08-08-2017.txt,5,0,0,zurich,2017,0
696,zurich_000110_000019_leftImg8bit_05-12-2016.txt,4,0,0,zurich,2016,0
697,zurich_000111_000019_leftImg8bit_01-12-2018.txt,3,0,0,zurich,2018,0
698,zurich_000112_000019_leftImg8bit_11-12-2015.txt,1,0,0,zurich,2015,0
699,zurich_000113_000019_leftImg8bit_16-02-2019.txt,0,0,0,zurich,2019,1
700,zurich_000114_000019_leftImg8bit_24-06-2017.txt,1,3,0,zurich,2017,0
701,zurich_000115_000019_leftImg8bit_14-04-2016.txt,2,1,0,zurich,2016,0
702,zurich_000116_000019_leftImg8bit_19-11-2017.txt,3,3,0,zurich,2017,0
703,zurich_000118_000019_leftImg8bit_30-12-2019.txt,2,0,2,zurich,2019,0
704,zurich_000119_000019_leftImg8bit_12-10-2016.txt,1,3,0,zurich,2016,0
705,zurich_000120_000019_leftImg8bit_01-01-2017.txt,4,0,0,zurich,2017,0
706,zurich_000121_000019_leftImg8bit_29-05-2018.txt,4,2,1,zurich,2018,0
707,zurich_000122_000019_leftImg8bit_18-11-2017.txt,2,1,0,zurich,2017,0
708,zurich_000123__000019_leftImg8bit_21-03-2015.txt,1,5,0,zurich,2015,0
709,zurich_000124_000019_leftImg8bit_15-01-2019.txt,0,1,0,zurich,2019,0
710,zurich_000125_000019_leftImg8bit_15-01-2019.txt,5,1,0,zurich,2019,0
